expected_file,expected_size_bytes,generated_candidate_count,covered,text_file,canonical_match_any_candidate,byte_match_any_candidate
aermod-baldwin45.out,222831,1,True,True,False,False
aermod-baldwin45_ERRORS.OUT,292969,1,True,True,True,False
aermod-baldwinHoriz.out,222840,1,True,True,False,False
aermod-baldwinHoriz_ERRORS.OUT,292969,1,True,True,True,False
aermod-baldwinVert.out,222839,1,True,True,False,False
aermod-baldwinVert_ERRORS.OUT,292969,1,True,True,True,False
aertest.out,114627,1,True,True,True,False
AERTEST.SUM,21482,1,True,True,True,False
AERTEST_ERRORS.OUT,1034,1,True,True,True,False
allsrcs.out,2332325,1,True,True,False,False
ALLSRCS.SUM,55152,1,True,True,True,False
ALLSRCS_ERRORS.OUT,4074,1,True,True,True,False
baldwin45.SUM,120635,1,True,True,False,False
baldwinHorz.SUM,120635,1,True,True,False,False
baldwinVert.SUM,120635,1,True,True,False,False
BG-NO2.sum,14875,1,True,True,True,False
BG-NO2_ARM2_UGM3.err,1224,1,True,True,True,False
BG-NO2_ARM2_UGM3.sum,14700,1,True,True,True,False
BG-NO2_GRSM_PPB.sum,15249,1,True,True,True,False
BG-NO2_GRSM_UGM3.err,1414,1,True,True,True,False
BG-NO2_GRSM_UGM3.sum,15249,1,True,True,True,False
BG-NO2_OLM_PPB.sum,14832,1,True,True,True,False
BG-NO2_OLM_UGM3.err,1319,1,True,True,True,False
BG-NO2_OLM_UGM3.sum,14832,1,True,True,True,False
BG-NO2_PVMRM_PPB.err,1319,1,True,True,True,False
BG-NO2_PVMRM_PPB.sum,14875,1,True,True,True,False
BG-NO2_PVMRM_UGM3.err,1319,1,True,True,True,False
BG-NO2_TTRM_PPB.err,1319,1,True,True,True,False
BG-NO2_TTRM_PPB.sum,14784,1,True,True,True,False
BG-NO2_TTRM_UGM3.err,1319,1,True,True,True,False
BG-NO2_TTRM_UGM3.sum,14784,1,True,True,True,False
BG_NO2_ARM2_PPB.err,1224,1,True,True,True,False
bg_no2_arm2_ppb.out,36284,1,True,True,True,False
BG_NO2_ARM2_PPB.sum,14700,1,True,True,True,False
bg_no2_arm2_ugm3.out,36295,1,True,True,True,False
BG_NO2_GRSM_PPB.err,1414,1,True,True,True,False
bg_no2_grsm_ppb.out,37832,1,True,True,True,False
bg_no2_grsm_ugm3.out,38166,1,True,True,True,False
BG_NO2_OLM_PPB.err,1319,1,True,True,True,False
bg_no2_olm_ppb.out,37690,1,True,True,True,False
bg_no2_olm_ugm3.out,37584,1,True,True,True,False
bg_no2_pvmrm_ppb.out,37813,1,True,True,True,False
bg_no2_pvmrm_ugm3.out,37650,1,True,True,True,False
bg_no2_ttrm_ppb.out,37776,1,True,True,True,False
bg_no2_ttrm_ugm3.out,37628,1,True,True,True,False
blp_urban.out,169240,1,True,True,False,False
capped.out,1018709,1,True,True,False,False
CAPPED.SUM,41625,1,True,True,False,False
CAPPED_ERRORS.OUT,1129,1,True,True,True,False
capped_nostd.out,460016,1,True,True,True,False
CAPPED_NOSTD.SUM,28258,1,True,True,True,False
CAPPED_NOSTD_ERRORS.OUT,1224,1,True,True,True,False
ERRORS_IN_URBAN.OUT,654,1,True,True,True,False
FLATEELEV24.RNK,10056,1,True,True,True,False
flatelev.out,347652,1,True,True,False,False
FLATELEV.SUM,37108,1,True,True,False,False
FLATELEV1.RNK,13722,1,True,True,True,False
FLATELEV3.RNK,12030,1,True,True,True,False
FLATELEV_ERRORS.OUT,28584,1,True,True,True,False
hrdow.out,397292,1,True,True,True,False
HRDOW.SUM,128688,1,True,True,True,False
HRDOW_ERRORS.OUT,328594,1,True,True,True,False
in_urban.out,158674,1,True,True,True,False
lovett.out,144765,1,True,True,False,False
LOVETT.SUM,30461,1,True,True,False,False
LOVETT1.RNK,9012,1,True,True,True,False
LOVETT24.RNK,6098,1,True,True,True,False
LOVETT3.RNK,8260,1,True,True,True,False
LOVETT_ERRORS.OUT,26969,1,True,True,True,False
MAX24PM.FIL,1079,1,True,True,False,False
mcr.out,157948,1,True,True,False,False
MCR.SUM,28100,1,True,True,False,False
MCR01.RNK,30997,1,True,True,True,False
MCR03.RNK,26673,1,True,True,True,False
MCR24.RNK,14359,1,True,True,True,False
MCR_ERRORS.OUT,15379,1,True,True,True,False
Modified_BLP_w-AREA.DBG,3484374,1,True,True,True,False
multurb.out,294174,1,True,True,False,False
MULTURB.SUM,28368,1,True,True,True,False
MULTURB_ERRORS.OUT,1034,1,True,True,True,False
no2_1yrAK_1tier.out,513923,1,True,True,False,False
no2_1yrAK_1TIER.SUM,221592,1,True,True,False,False
no2_1yrAK_1TIER_ERRORS.OUT,172889,1,True,True,True,False
NO2_1yrAK_1TIER_MAXDCONT_all_h8h.out,10944,1,True,True,True,False
no2_1yrAK_arm2.out,515198,1,True,True,False,False
no2_1yrAK_ARM2.SUM,222050,1,True,True,False,False
no2_1yrAK_ARM2_ERRORS.OUT,172889,1,True,True,True,False
NO2_1yrAK_ARM2_MAXDCONT_all_h8h.out,10950,1,True,True,True,False
no2_1yrAK_arm2min.out,515417,1,True,True,False,False
no2_1yrAK_ARM2Min.SUM,222146,1,True,True,False,False
no2_1yrAK_ARM2Min_ERRORS.OUT,172984,1,True,True,True,False
NO2_1yrAK_ARM2Min_MAXDCONT_all_h8h.out,10950,1,True,True,True,False
no2_1yrAK_grsm.out,516349,1,True,True,False,False
no2_1yrAK_GRSM.SUM,222429,1,True,True,False,False
no2_1yrAK_GRSM_ERRORS.OUT,172889,1,True,True,True,False
NO2_1yrAK_GRSM_MAXDCONT_all_h8h.out,10950,1,True,True,True,False
no2_1yrAK_olm.out,515857,1,True,True,False,False
no2_1yrAK_OLM.SUM,222087,1,True,True,False,False
no2_1yrAK_OLM_ERRORS.OUT,172889,1,True,True,True,False
NO2_1yrAK_OLM_MAXDCONT_all_h8h.out,10949,1,True,True,True,False
no2_1yrAK_OLMA.SUM,222090,1,True,True,False,False
no2_1yrAK_OLMA_ERRORS.OUT,172889,1,True,True,True,False
NO2_1yrAK_OLMA_MAXDCONT_all_h8h.out,10949,1,True,True,True,False
no2_1yrAK_olmgrp.out,516722,1,True,True,False,False
no2_1yrAK_pvmrm.out,516312,1,True,True,False,False
no2_1yrAK_PVMRM.SUM,222232,1,True,True,False,False
no2_1yrAK_PVMRM_ERRORS.OUT,172889,1,True,True,True,False
NO2_1yrAK_PVMRM_MAXDCONT_all_h8h_thresh188.out,10951,1,True,True,True,False
olm.out,47538,1,True,True,True,False
OLM.SUM,28482,1,True,True,True,False
OLM_ERRORS.OUT,172794,1,True,True,True,False
olmgrp.out,48801,1,True,True,True,False
OLMGRP.SUM,28485,1,True,True,True,False
OLMGRP_ERRORS.OUT,172794,1,True,True,True,False
openpits.out,101180,1,True,True,True,False
OPENPITS.SUM,23844,1,True,True,True,False
OPENPITS_ERRORS.OUT,939,1,True,True,True,False
pm10_1986.sav,29436,2,True,False,False,False
pm10_1987.sav,29436,2,True,False,False,False
pm10_1988.sav,29436,2,True,False,False,False
pm10_1989.sav,29436,2,True,False,False,False
pm10_1990.sav,29436,2,True,False,False,False
psdcred.out,64679,1,True,True,True,False
PSDCRED.SUM,23639,1,True,True,True,False
PSDCRED_ERRORS.OUT,172794,1,True,True,True,False
pvmrm.out,31209,1,True,True,True,False
PVMRM.SUM,19659,1,True,True,True,False
PVMRM_ERRORS.OUT,172794,1,True,True,True,False
scimtest.out,47632,1,True,True,False,False
SCIMTEST.SUM,20988,1,True,True,False,False
SCIMTEST_ERRORS.OUT,576924,1,True,True,True,False
SEAHRST1.DAT,367024,1,True,True,True,False
SEAHRST2.DAT,367024,1,True,True,True,False
SEAHRST3.DAT,367024,1,True,True,True,False
SEAHRST4.DAT,367024,1,True,True,True,False
SEAHRST5.DAT,367024,1,True,True,True,False
SEAHRST6.DAT,367024,1,True,True,True,False
surfcoal.out,414895,1,True,True,True,False
SURFCOAL.SUM,32339,1,True,True,True,False
SURFCOAL_ERRORS.OUT,2934,1,True,True,True,False
Test1_Base_cart_3cond_SNC.out,50212,1,True,True,True,False
Test1_Base_cart_3cond_SNC_ERRORS.out,844,1,True,True,True,False
Test20_Urban_cart_3cond_SNC.out,51367,1,True,True,True,False
Test20_Urban_cart_3cond_SNC_ERRORS.OUT,844,1,True,True,True,False
Test3_Bar_cart_3cond_SNC_bar_ERRORS.OUT,844,1,True,True,True,False
Test3_Base_cart_3cond_SNC_bar.out,51113,1,True,False,False,False
Test4_Base_cart_3cond_SNC_dep.out,50984,1,True,True,True,False
Test4_Base_cart_3cond_SNC_dep_ERRORS.OUT,844,1,True,True,True,False
testgas.out,132138,1,True,True,True,False
TESTGAS.SUM,14648,1,True,True,True,False
testgas2.out,581117,1,True,True,True,False
TESTGAS2.SUM,146814,1,True,True,True,False
TESTGAS2_ERRORS.OUT,328594,1,True,True,True,False
TESTGAS_ERRORS.OUT,654,1,True,True,True,False
testpart.out,131929,1,True,True,True,False
TESTPART.SUM,14648,1,True,True,True,False
TESTPART_ERRORS.OUT,654,1,True,True,True,False
testpm10.out,86410,1,True,True,False,False
TESTPM10.SUM,48200,1,True,True,False,False
testpm10_1986.out,30156,2,True,True,False,False
TESTPM10_1986.SUM,16307,2,True,True,False,False
TESTPM10_1986_ERRORS.OUT,87199,2,True,True,True,False
testpm10_1987.out,30366,2,True,True,False,False
TESTPM10_1987.SUM,16492,2,True,True,False,False
TESTPM10_1987_ERRORS.OUT,216779,2,True,True,True,False
testpm10_1988.out,30366,2,True,True,False,False
TESTPM10_1988.SUM,16492,2,True,True,False,False
TESTPM10_1988_ERRORS.OUT,331634,2,True,True,True,False
testpm10_1989.out,30366,2,True,True,False,False
TESTPM10_1989.SUM,16492,2,True,True,False,False
TESTPM10_1989_ERRORS.OUT,459884,2,True,True,True,False
testpm10_1990.out,30367,2,True,True,False,False
TESTPM10_1990.SUM,16492,2,True,True,False,False
TESTPM10_1990_ERRORS.OUT,576829,2,True,True,True,False
TESTPM10_ERRORS.OUT,607419,1,True,True,True,False
TESTPM10_MAXIFILE.OUT,2069,1,True,True,False,False
TESTPM10_MULTYR_SEASHR.FIL,367032,6,True,True,False,False
TESTPM10_SEASHR.FIL,367024,1,True,True,False,False
testpm25.out,70038,1,True,True,False,False
TESTPM25.SUM,47829,1,True,True,False,False
TESTPM25_ERRORS.OUT,607419,1,True,True,True,False
TESTPM25_SEASHR.FIL,367024,1,True,True,False,False
testprt2.out,581258,1,True,True,True,False
TESTPRT2.SUM,147019,1,True,True,True,False
TESTPRT2_ERRORS.OUT,328594,1,True,True,True,False
TESTPRT2_SEASHR.DAT,926989,1,True,True,True,False
URBDBG.DBG,19215,1,True,True,True,False
URBDBG1.DBG,117100,1,True,True,True,False
URBDBG2.DBG,548787,1,True,True,True,False
