file,programs,modules,subroutines,functions,total_units,last_indexed_line
aermod.f,1,0,40,1,42,9438
arise.f,0,0,8,1,9,1257
bline.f,0,0,12,2,14,1937
calc1.f,0,0,54,4,58,13910
calc2.f,0,0,45,1,46,4176
coset.f,0,0,39,0,39,8145
evcalc.f,0,0,10,0,10,2354
evoutput.f,0,0,6,0,6,520
evset.f,0,0,9,0,9,1039
grsm.f,0,0,9,1,10,1623
iblval.f,0,0,4,0,4,964
inpsum.f,0,0,11,0,11,4384
meset.f,0,0,18,0,18,2577
metext.f,0,0,20,0,20,3543
modules.f,0,11,1,0,12,4364
ouset.f,0,0,20,0,20,4312
output.f,0,0,21,0,21,3760
pitarea.f,0,0,22,0,22,2307
prime.f,0,0,33,3,36,5506
prise.f,0,0,6,1,7,547
reset.f,0,0,21,2,23,2736
rline.f,0,0,14,7,21,3299
setup.f,0,0,15,0,15,2102
siggrid.f,0,0,12,0,12,1076
sigmas.f,0,0,5,0,5,572
soset.f,0,0,55,1,56,9793
tempgrid.f,0,0,9,0,9,979
uninam.f,0,0,1,0,1,51
windgrid.f,0,0,8,2,10,1123
