pathway,keyword,dispatch_file,dispatch_routine,branch_start_line,branch_end_line,called_routines,handler_candidates,evidence_status
CO,TITLEONE,coset.f,COCARD,72,81,ERRHDL;TITLES,TITLES,confirmed-source
CO,TITLETWO,coset.f,COCARD,82,91,ERRHDL;TITLES,TITLES,confirmed-source
CO,MODELOPT,coset.f,COCARD,92,101,ERRHDL;MODOPT,MODOPT,confirmed-source
CO,AVERTIME,coset.f,COCARD,102,111,ERRHDL;AVETIM,AVETIM,confirmed-source
CO,POLLUTID,coset.f,COCARD,112,121,ERRHDL;POLLID,POLLID,confirmed-source
CO,DCAYCOEF,coset.f,COCARD,122,162,ERRHDL;EDECAY,EDECAY,confirmed-source
CO,HALFLIFE,coset.f,COCARD,122,162,ERRHDL;EDECAY,EDECAY,confirmed-source
CO,FLAGPOLE,coset.f,COCARD,163,172,ERRHDL;FLAGDF,FLAGDF,confirmed-source
CO,RUNORNOT,coset.f,COCARD,173,182,ERRHDL;RUNNOT,RUNNOT,confirmed-source
CO,EVENTFIL,coset.f,COCARD,183,196,ERRHDL;EVNTFL,EVNTFL,confirmed-source
CO,SAVEFILE,coset.f,COCARD,197,206,ERRHDL;SAVEFL,SAVEFL,confirmed-source
CO,INITFILE,coset.f,COCARD,207,216,ERRHDL;INITFL,INITFL,confirmed-source
CO,MULTYEAR,coset.f,COCARD,217,226,ERRHDL;MYEAR,MYEAR,confirmed-source
CO,GDSEASON,coset.f,COCARD,237,246,ERRHDL;GDSEAS,GDSEAS,confirmed-source
CO,GASDEPDF,coset.f,COCARD,247,256,ERRHDL;GDDEF,GDDEF,confirmed-source
CO,GDLANUSE,coset.f,COCARD,257,266,ERRHDL;GDLAND,GDLAND,confirmed-source
CO,GASDEPVD,coset.f,COCARD,267,276,ERRHDL;GVSUBD,GVSUBD,confirmed-source
CO,DEBUGOPT,coset.f,COCARD,277,291,DEBOPT,DEBOPT,confirmed-source
CO,URBANOPT,coset.f,COCARD,292,301,ERRHDL;URBOPT,URBOPT,confirmed-source
CO,OZONEVAL,coset.f,COCARD,302,312,O3VAL;ERRHDL,O3VAL,confirmed-source
CO,O3VALUES,coset.f,COCARD,313,322,O3VALS;ERRHDL,O3VALS,confirmed-source
CO,OZONEFIL,coset.f,COCARD,323,332,O3FILE;ERRHDL,O3FILE,confirmed-source
CO,OZONUNIT,coset.f,COCARD,333,347,ERRHDL;OZON_UNIT,OZON_UNIT,confirmed-source
CO,NO2STACK,coset.f,COCARD,348,362,ERRHDL;NO2STK,NO2STK,confirmed-source
CO,NO2EQUIL,coset.f,COCARD,363,378,ERRHDL;NO2EQ,NO2EQ,confirmed-source
CO,LOW_WIND,coset.f,COCARD,379,391,ERRHDL;LOW_WND,LOW_WND,confirmed-source
CO,O3SECTOR,coset.f,COCARD,392,406,ERRHDL;O3SECTOR,O3SECTOR,confirmed-source
CO,ARMRATIO,coset.f,COCARD,407,421,ERRHDL;ARM2_RATIOS,ARM2_RATIOS,confirmed-source
CO,AWMADWNW,coset.f,COCARD,422,434,ERRHDL;AWMA_DOWNWASH,AWMA_DOWNWASH,confirmed-source
CO,ORD_DWNW,coset.f,COCARD,435,448,ERRHDL;ORD_DOWNWASH,ORD_DOWNWASH,confirmed-source
CO,NOXSECTR,coset.f,COCARD,449,463,ERRHDL;NOXSECTOR,NOXSECTOR,confirmed-source
CO,NOXVALUE,coset.f,COCARD,464,473,NOXVAL;ERRHDL,NOXVAL,confirmed-source
CO,NOX_VALS,coset.f,COCARD,474,483,NOXVALS;ERRHDL,NOXVALS,confirmed-source
CO,NOX_UNIT,coset.f,COCARD,484,498,ERRHDL;NOX_UNIT,NOX_UNIT,confirmed-source
CO,NOX_FILE,coset.f,COCARD,499,510,NOXFILE;ERRHDL,NOXFILE,confirmed-source
CO,ARCFTOPT,coset.f,COCARD,511,527,ERRHDL,,confirmed-source
SO,LOCATION,soset.f,SOCARD,120,130,ERRHDL;SOLOCA,SOLOCA,confirmed-source
SO,SRCPARAM,soset.f,SOCARD,131,143,ERRHDL;SOPARM,SOPARM,confirmed-source
SO,BUILDHGT,soset.f,SOCARD,144,179,ERRHDL;DSBLDG,DSBLDG,confirmed-source
SO,BUILDLEN,soset.f,SOCARD,144,179,ERRHDL;DSBLDG,DSBLDG,confirmed-source
SO,BUILDWID,soset.f,SOCARD,144,179,ERRHDL;DSBLDG,DSBLDG,confirmed-source
SO,XBADJ,soset.f,SOCARD,144,179,ERRHDL;DSBLDG,DSBLDG,confirmed-source
SO,YBADJ,soset.f,SOCARD,144,179,ERRHDL;DSBLDG,DSBLDG,confirmed-source
SO,EMISFACT,soset.f,SOCARD,202,212,ERRHDL;EMVARY,EMVARY,confirmed-source
SO,EMISUNIT,soset.f,SOCARD,213,232,ERRHDL;EMUNIT,EMUNIT,confirmed-source
SO,RLEMCONV,soset.f,SOCARD,233,258,ERRHDL,,confirmed-source
SO,MASSFRAX,soset.f,SOCARD,259,277,ERRHDL;PARTDEP,PARTDEP,confirmed-source
SO,PARTDENS,soset.f,SOCARD,259,277,ERRHDL;PARTDEP,PARTDEP,confirmed-source
SO,PARTDIAM,soset.f,SOCARD,259,277,ERRHDL;PARTDEP,PARTDEP,confirmed-source
SO,ELEVUNIT,soset.f,SOCARD,278,296,ERRHDL;SOELUN,SOELUN,confirmed-source
SO,HOUREMIS,soset.f,SOCARD,297,311,ERRHDL;HREMIS,HREMIS,confirmed-source
SO,CONCUNIT,soset.f,SOCARD,312,331,ERRHDL;COUNIT,COUNIT,confirmed-source
SO,DEPOUNIT,soset.f,SOCARD,332,352,ERRHDL;DPUNIT,DPUNIT,confirmed-source
SO,AREAVERT,soset.f,SOCARD,353,364,ERRHDL;ARVERT,ARVERT,confirmed-source
SO,INCLUDED,soset.f,SOCARD,365,374,INCLUD,INCLUD,confirmed-source
SO,SRCGROUP,soset.f,SOCARD,375,386,SOGRP;ERRHDL,SOGRP,confirmed-source
SO,GASDEPOS,soset.f,SOCARD,387,411,ERRHDL;GASDEP,GASDEP,confirmed-source
SO,METHOD_2,soset.f,SOCARD,412,438,ERRHDL;METH_2,METH_2,confirmed-source
SO,URBANSRC,soset.f,SOCARD,439,454,ERRHDL;URBANS,URBANS,confirmed-source
SO,NO2RATIO,soset.f,SOCARD,455,472,ERRHDL;NO2RAT,NO2RAT,confirmed-source
SO,OLMGROUP,soset.f,SOCARD,473,489,ERRHDL;OLMGRP,OLMGRP,confirmed-source
SO,PSDGROUP,soset.f,SOCARD,490,501,PSDGRP;ERRHDL,PSDGRP,confirmed-source
SO,BACKGRND,soset.f,SOCARD,502,513,ERRHDL;BACK_GRND,BACK_GRND,confirmed-source
SO,BACKUNIT,soset.f,SOCARD,514,530,ERRHDL;BACK_UNIT,BACK_UNIT,confirmed-source
SO,BGSECTOR,soset.f,SOCARD,531,542,ERRHDL;BGSECTOR,BGSECTOR,confirmed-source
SO,RBARRIER,soset.f,SOCARD,543,578,RLINEBAR_INPUTS;ERRHDL,RLINEBAR_INPUTS,confirmed-source
SO,SBARRIER,soset.f,SOCARD,579,600,SBARRIER_INPUTS;ERRHDL,SBARRIER_INPUTS,confirmed-source
SO,RDEPRESS,soset.f,SOCARD,620,653,RLINEDPR_INPUTS;ERRHDL,RLINEDPR_INPUTS,confirmed-source
SO,BLPINPUT,soset.f,SOCARD,654,664,BL_AVGINP,BL_AVGINP,confirmed-source
SO,BLPGROUP,soset.f,SOCARD,665,678,BLPGRP,BLPGRP,confirmed-source
SO,ARCFTSRC,soset.f,SOCARD,679,703,ERRHDL;AIRCRAFT,AIRCRAFT,confirmed-source
SO,HBPSRCID,soset.f,SOCARD,704,726,ERRHDL;HBPSOURCE,HBPSOURCE,confirmed-source
RE,GRIDCART,reset.f,RECARD,64,68,RECART,RECART,confirmed-source
RE,GRIDPOLR,reset.f,RECARD,69,73,REPOLR,REPOLR,confirmed-source
RE,DISCCART,reset.f,RECARD,74,78,DISCAR,DISCAR,confirmed-source
RE,DISCPOLR,reset.f,RECARD,79,83,DISPOL,DISPOL,confirmed-source
RE,EVALCART,reset.f,RECARD,84,93,ERRHDL;EVCART,EVCART,confirmed-source
RE,ELEVUNIT,reset.f,RECARD,94,108,ERRHDL;REELUN,REELUN,confirmed-source
RE,INCLUDED,reset.f,RECARD,109,117,INCLUD,INCLUD,confirmed-source
ME,SURFFILE,meset.f,MECARD,57,67,ERRHDL;SURFIL,SURFIL,confirmed-source
ME,PROFFILE,meset.f,MECARD,68,78,ERRHDL;PROFIL,PROFIL,confirmed-source
ME,SURFDATA,meset.f,MECARD,79,89,ERRHDL;SFDATA,SFDATA,confirmed-source
ME,UAIRDATA,meset.f,MECARD,90,100,ERRHDL;UADATA,UADATA,confirmed-source
ME,STARTEND,meset.f,MECARD,101,116,ERRHDL;STAEND,STAEND,confirmed-source
ME,DAYRANGE,meset.f,MECARD,117,133,ERRHDL;DAYRNG,DAYRNG,confirmed-source
ME,WDROTATE,meset.f,MECARD,134,144,ERRHDL;WDROTA,WDROTA,confirmed-source
ME,SITEDATA,meset.f,MECARD,145,155,ERRHDL;ONDATA,ONDATA,confirmed-source
ME,PROFBASE,meset.f,MECARD,156,166,ERRHDL;PRBASE,PRBASE,confirmed-source
ME,WINDCATS,meset.f,MECARD,167,177,ERRHDL;WSCATS,WSCATS,confirmed-source
ME,SCIMBYHR,meset.f,MECARD,178,188,ERRHDL;SCIMIT,SCIMIT,confirmed-source
ME,NUMYEARS,meset.f,MECARD,189,201,ERRHDL;NUMYR,NUMYR,confirmed-source
ME,NOSA,meset.f,MECARD,202,215,ERRHDL;TURBOPT,TURBOPT,confirmed-source
ME,NOSACO,meset.f,MECARD,202,215,ERRHDL;TURBOPT,TURBOPT,confirmed-source
ME,NOSAST,meset.f,MECARD,202,215,ERRHDL;TURBOPT,TURBOPT,confirmed-source
ME,NOSW,meset.f,MECARD,202,215,ERRHDL;TURBOPT,TURBOPT,confirmed-source
ME,NOSWCO,meset.f,MECARD,202,215,ERRHDL;TURBOPT,TURBOPT,confirmed-source
ME,NOSWST,meset.f,MECARD,202,215,ERRHDL;TURBOPT,TURBOPT,confirmed-source
ME,NOTURB,meset.f,MECARD,202,215,ERRHDL;TURBOPT,TURBOPT,confirmed-source
ME,NOTURBCO,meset.f,MECARD,202,215,ERRHDL;TURBOPT,TURBOPT,confirmed-source
ME,NOTURBST,meset.f,MECARD,202,215,ERRHDL;TURBOPT,TURBOPT,confirmed-source
EV,EVENTPER,evset.f,EVCARD,57,68,EVPER,EVPER,confirmed-source
EV,EVENTLOC,evset.f,EVCARD,69,73,EVLOC,EVLOC,confirmed-source
EV,INCLUDED,evset.f,EVCARD,74,82,INCLUD,INCLUD,confirmed-source
OU,RECTABLE,ouset.f,OUCARD,46,50,OUHIGH,OUHIGH,confirmed-source
OU,MAXTABLE,ouset.f,OUCARD,51,55,OUMXVL,OUMXVL,confirmed-source
OU,DAYTABLE,ouset.f,OUCARD,56,64,OUDALY;ERRHDL,OUDALY,confirmed-source
OU,MAXIFILE,ouset.f,OUCARD,65,69,OUMXFL,OUMXFL,confirmed-source
OU,POSTFILE,ouset.f,OUCARD,70,74,OUPOST,OUPOST,confirmed-source
OU,PLOTFILE,ouset.f,OUCARD,75,79,OUPLOT,OUPLOT,confirmed-source
OU,TOXXFILE,ouset.f,OUCARD,80,84,OUTOXX,OUTOXX,confirmed-source
OU,SEASONHR,ouset.f,OUCARD,85,94,OUSEAS;ERRHDL,OUSEAS,confirmed-source
OU,RANKFILE,ouset.f,OUCARD,95,99,OURANK,OURANK,confirmed-source
OU,EVALFILE,ouset.f,OUCARD,100,104,OUEVAL,OUEVAL,confirmed-source
OU,SUMMFILE,ouset.f,OUCARD,105,113,OUSUMM;ERRHDL,OUSUMM,confirmed-source
OU,FILEFORM,ouset.f,OUCARD,114,122,FILEFORM;ERRHDL,FILEFORM,confirmed-source
OU,MAXDAILY,ouset.f,OUCARD,123,142,OUMAXDLY;ERRHDL,OUMAXDLY,confirmed-source
OU,MXDYBYYR,ouset.f,OUCARD,143,162,OUMXDLY_BYYR;ERRHDL,OUMXDLY_BYYR,confirmed-source
OU,MAXDCONT,ouset.f,OUCARD,163,182,OUMAXD_CONT;ERRHDL,OUMAXD_CONT,confirmed-source
OU,NOHEADER,ouset.f,OUCARD,183,191,NOHEADER;ERRHDL,NOHEADER,confirmed-source
OU,EVENTOUT,evset.f,EV_OUCARD,809,817,OEVENT;ERRHDL,OEVENT,confirmed-source-event-mode
